{"timestamp": 1742076014, "network_speed": {"lo": {"speed_sent": 454.16936559594, "speed_recv": 454.16936559594}, "enp0s3": {"speed_sent": 260.52352619898977, "speed_recv": 343.3720038791283}, "enp0s8": {"speed_sent": 37410.579457517, "speed_recv": 12231.130376549123}}}